Назва товару,Ціна,Посилання на товар,Наявність
Мобільний телефон Samsung Galaxy S25 Ultra 12/512GB Titanium Black (SM-S938BZKGEUC),61 199,https://rozetka.com.ua/ua/samsung-sm-s938bzkgeuc/p473275184/,Готовий до відправлення
Мобільний телефон Apple iPhone 16 Pro 256GB Black Titanium (MYNH3SX/A),56 699,https://rozetka.com.ua/ua/apple-mynh3sx-a/p448428575/,Готовий до відправлення
Мобільний телефон Samsung Galaxy S24 FE 8/256GB Graphite (SM-S721BZKGEUC),26 099,https://rozetka.com.ua/ua/samsung-sm-s721bzkgeuc/p450350984/,Готовий до відправлення
Мобільний телефон Samsung Galaxy Fold 7 12/512GB Jet Black (SM-F966BZKCSEK),84 999,https://rozetka.com.ua/ua/samsung-sm-f966bzkcsek/p523658994/,Передзамовлення
Мобільний телефон Samsung Galaxy Flip 7 12/512GB Jet Black (SM-F766BZKHSEK),49 999,https://rozetka.com.ua/ua/samsung-sm-f766bzkhsek/p523659124/,Передзамовлення
Мобільний телефон Apple iPhone 13 128GB Starlight (MLPG3HU/A),22 999,https://rozetka.com.ua/ua/apple_iphone_13_128gb_starlight/p318463900/,Готовий до відправлення
Мобільний телефон Samsung Galaxy A56 5G 8/256GB Awesome Graphite (SM-A566BZKCEUC),19 999,https://rozetka.com.ua/ua/samsung-sm-a566bzkceuc/p484698794/,Готовий до відправлення
Мобільний телефон Xiaomi Redmi Note 14 Pro 8/256GB Sand Gold,10 999,https://rozetka.com.ua/ua/xiaomi-redmi-note-14-pro-8-256gb-sand-gold/p516281614/,Готовий до відправлення
Мобільний телефон Samsung Galaxy Flip 7 FE 8/256GB Black (SM-F761BZKHSEK),41 999,https://rozetka.com.ua/ua/samsung-sm-f761bzkhsek/p523659189/,Передзамовлення
Мобільний телефон Apple iPhone 14 128GB Midnight (MPUF3RX/A),25 999,https://rozetka.com.ua/ua/apple-iphone-14-128gb-midnight/p352486566/,Готовий до відправлення
Мобільний телефон Xiaomi Redmi Note 14 8/256GB Midnight Black (1123261),7 499,https://rozetka.com.ua/ua/xiaomi-1123261/p472952544/,Готовий до відправлення
Мобільний телефон Motorola E14 4/64GB Graphite Grey (001012272416),2 999,https://rozetka.com.ua/ua/motorola-001012272416/p501142519/,Готовий до відправлення
Мобільний телефон Tecno Spark 30 Pro (KL7) 8/128GB Obsidian Edge,5 999,https://rozetka.com.ua/ua/tecno-spark-30-pro-kl7-8-128gb-obsidian-edge/p481206319/,Готовий до відправлення
Мобільний телефон Samsung Galaxy A26 5G 8/256GB Black (SM-A266BZKCEUC),11 999,https://rozetka.com.ua/ua/samsung-sm-a266bzkceuc/p484698759/,Готовий до відправлення
Мобільний телефон Samsung Galaxy S24 8/256GB Marble Gray (SM-S921BZAGEUC),28 899,https://rozetka.com.ua/ua/samsung-sm-s921bzageuc/p413045109/,Готовий до відправлення
Мобільний телефон Infinix Note 40 8/256GB Titan Gold,8 999,https://rozetka.com.ua/ua/infinix-note-40-8-256gb-titan-gold/p424933839/,Готовий до відправлення
Мобільний телефон Samsung Galaxy A06 4/128GB Light Blue (SM-A065FLBGSEK),3 999,https://rozetka.com.ua/ua/samsung-sm-a065flbgsek/p459686919/,Готовий до відправлення
Мобільний телефон Samsung Galaxy A16 4/128GB Gray (SM-A165FZABEUC),6 599,https://rozetka.com.ua/ua/samsung-sm-a165fzabeuc/p459691219/,Готовий до відправлення
Мобільний телефон Apple iPhone 16 Pro Max 256GB Black Titanium (MYWV3SX/A),62 799,https://rozetka.com.ua/ua/apple-mywv3sx-a/p448428614/,Готовий до відправлення
Мобільний телефон Motorola Edge 50 Fusion 12/512GB Marshmallow Blue,13 999,https://rozetka.com.ua/ua/motorola-edge-50-fusion-12-512gb-marshmallow-blue/p444135329/,Готовий до відправлення
Мобільний телефон Apple iPhone 16 Pro 128GB Black Titanium (MYND3SX/A),51 499,https://rozetka.com.ua/ua/apple-mynd3sx-a/p448744730/,Готовий до відправлення
Мобільний телефон Poco M7 Pro 5G 8/256GB Green (001012343512),8 999,https://rozetka.com.ua/ua/poco-001012343512/p516380209/,Готовий до відправлення
Мобільний телефон HMD Pulse 4/64GB Dreamy Pink,3 299,https://rozetka.com.ua/ua/hmd-pulse-4-64gb-dreamy-pink/p475622094/,Закінчується
Мобільний телефон Poco C75 6/128GB Green (1104800),4 499,https://rozetka.com.ua/ua/poco-1104800/p453994592/,Готовий до відправлення
Мобільний телефон Motorola Edge 50 Fusion 8/256GB Hot Pink,9 999,https://rozetka.com.ua/ua/motorola-edge-50-fusion-8-256gb-hot-pink/p445001774/,Готовий до відправлення
Мобільний телефон Motorola Edge 60 Pro 12/512GB Shadow (001012377715),21 999,https://rozetka.com.ua/ua/motorola-001012377715/p518197429/,Готовий до відправлення
Мобільний телефон Xiaomi Redmi Note 14 Pro 5G 8/256GB Sand Gold,12 999,https://rozetka.com.ua/ua/xiaomi-redmi-note-14-pro-5g-8-256gb-sand-gold/p516289699/,Готовий до відправлення
Мобільний телефон Motorola G86 5G 8/256GB Spellbound (PB7L0101RS),11 499,https://rozetka.com.ua/ua/motorola-pb7l0101rs/p523384499/,Готовий до відправлення
Мобільний телефон Samsung Galaxy A36 5G 6/128GB Awesome Lavender (SM-A366BLVBEUC),13 699,https://rozetka.com.ua/ua/samsung-sm-a366blvbeuc/p484698754/,Готовий до відправлення
Мобільний телефон Motorola G54 Power 12/256GB eSim Mint Green (1002724),7 999,https://rozetka.com.ua/ua/motorola-1002724/p396819822/,Готовий до відправлення
Мобільний телефон Realme C61 RMX3930 6/128GB Sparkle Gold,5 499,https://rozetka.com.ua/ua/realme-rmx3930-6-128-sparkle-gold/p444894617/,Готовий до відправлення
Мобільний телефон Apple iPhone 16 128GB Pink (MYEA3SX/A),39 999,https://rozetka.com.ua/ua/apple-myea3sx-a/p448428494/,Готовий до відправлення
Мобільний телефон Samsung Galaxy A56 5G 8/128GB Awesome Graphite (SM-A566BZKAEUC),18 999,https://rozetka.com.ua/ua/samsung-sm-a566bzkaeuc/p484698819/,Готовий до відправлення
Мобільний телефон Apple iPhone 14 128GB Starlight (MPUR3RX/A),25 999,https://rozetka.com.ua/ua/apple-iphone-14-128gb-starlight/p352490619/,Готовий до відправлення
Мобільний телефон Xiaomi Redmi Note 14 5G 8/256GB Midnight Black (1123268),10 499,https://rozetka.com.ua/ua/xiaomi-1123268/p472963029/,Готовий до відправлення
Мобільний телефон Tecno Spark 30C (KL5n) 6/128GB Orbit Black (4894947051753),4 199,https://rozetka.com.ua/ua/tecno-4894947051753/p453571367/,Готовий до відправлення
Мобільний телефон Motorola G05 8/256GB Forest Green (1140520),4 999,https://rozetka.com.ua/ua/motorola-1140520/p522696234/,Готовий до відправлення
Мобільний телефон Tecno Spark 30C (KL5n) 4/128GB Orbit Black (4894947051746),3 999,https://rozetka.com.ua/ua/tecno-4894947051746/p453569249/,Готовий до відправлення
Мобільний телефон Samsung Galaxy A36 5G 8/256GB Awesome Black (SM-A366BZKGEUC),15 299,https://rozetka.com.ua/ua/samsung-sm-a366bzkgeuc/p484698789/,Готовий до відправлення
Мобільний телефон Motorola Edge 60 Fusion 8/256GB Amazonite (1012398864),13 999,https://rozetka.com.ua/ua/motorola-1012398864/p518230894/,Готовий до відправлення
Мобільний телефон Samsung Galaxy S25 12/256GB Navy (SM-S931BDBGEUC),39 599,https://rozetka.com.ua/ua/samsung-sm-s931bdbgeuc/p473275554/,Готовий до відправлення
Мобільний телефон Apple iPhone 13 128GB Midnight (MLPF3HU/A),22 999,https://rozetka.com.ua/ua/apple_iphone_13_128gb_midnight/p318463663/,Готовий до відправлення
Мобільний телефон Samsung Galaxy S24 FE 8/128GB Graphite (SM-S721BZKDEUC),24 599,https://rozetka.com.ua/ua/samsung-sm-s721bzkdeuc/p450350996/,Готовий до відправлення
Мобільний телефон Tecno Spark 30 Pro (KL7) 8/128GB Arctic Glow,5 499,https://rozetka.com.ua/ua/tecno-spark-30-pro-kl7-8-128gb-arctic-glow/p481206199/,Готовий до відправлення
Мобільний телефон Samsung Galaxy XCover7 6/128GB Black (SM-G556BZKDEUC),13 999,https://rozetka.com.ua/ua/samsung-sm-g556bzkdeuc/p428206892/,Готовий до відправлення
Мобільний телефон Realme C63 8/256GB Blue,5 999,https://rozetka.com.ua/ua/realme-c63-8-256gb-blue/p432815630/,Готовий до відправлення
Мобільний телефон Infinix HOT 50 8/256GB Sleek Black,6 799,https://rozetka.com.ua/ua/infinix-hot-50-8-256gb-sleek-black/p449034329/,Закінчується
Мобільний телефон HMD ARC 2/64GB Purple (6438409102355),2 799,https://rozetka.com.ua/ua/hmd-6438409102355/p504845704/,Готовий до відправлення
Мобільний телефон Realme C75 8/256GB Storm Black,7 799,https://rozetka.com.ua/ua/realme-s75-black-8plus256/p472438149/,Готовий до відправлення
Мобільний телефон HMD ARC 2/64GB Shadow Black (6438409102201),2 799,https://rozetka.com.ua/ua/hmd-6438409102201/p504830749/,Готовий до відправлення
Мобільний телефон Realme Note 60 4/128GB Voyage Blue,4 299,https://rozetka.com.ua/ua/realme-note-60-blue-4plus128/p472438114/,Готовий до відправлення
Мобільний телефон Realme 13 Plus 5G 8/256GB Victory Gold,13 999,https://rozetka.com.ua/ua/realme-13-plus-5g-8-256gb-victory-gold/p452201747/,Готовий до відправлення
Мобільний телефон Infinix Note 50 8/256GB Titanium Grey,11 999,https://rozetka.com.ua/ua/infinix-note-50-8-256gb-titanium-grey/p518584994/,Готовий до відправлення
Мобільний телефон Poco F7 Pro 12/256GB Black,24 999,https://rozetka.com.ua/ua/poco-1135341/p493705914/,Готовий до відправлення
Мобільний телефон Poco M7 Pro 5G 8/256GB Purple (001012362698),8 999,https://rozetka.com.ua/ua/poco-001012362698/p516402869/,Готовий до відправлення
Мобільний телефон Xiaomi Redmi Note 14S 8/256GB Ocean Blue (001012292124),8 999,https://rozetka.com.ua/ua/xiaomi-001012292124/p492098969/,Готовий до відправлення
Мобільний телефон Nubia Neo 2 5G 8/256GB Silver,7 999,https://rozetka.com.ua/ua/nubia-neo-2-5g-8-256gb-silver/p448413623/,Готовий до відправлення
Мобільний телефон ZTE Blade A35 2/64GB Black,2 799,https://rozetka.com.ua/ua/zte-blade-a35-2-64gb-black/p452298134/,Готовий до відправлення
Мобільний телефон Poco C75 6/128GB Gold (1104799),4 199,https://rozetka.com.ua/ua/poco-1104799/p453993845/,Готовий до відправлення
Мобільний телефон ZTE Blade A35 4/64GB Green,2 999,https://rozetka.com.ua/ua/zte-blade-a35-4-64gb-green/p452355839/,Готовий до відправлення
